<application>
  <component name="AtomFileIconsConfig">
    <option name="hideFileIcons" value="true" />
    <option name="hideFolderIcons" value="true" />
    <option name="monochromeIcons" value="true" />
    <option name="isMonochromeIcons" value="true" />
    <option name="monochromeColor" value="546e7a" />
    <option name="isHideFileIcons" value="true" />
    <option name="isHideFolderIcons" value="true" />
    <option name="accentColor" value="ff79c5" />
    <option name="themedColor" value="6272a4" />
    <option name="hasBigIcons" value="true" />
  </component>
</application>